Category,Question,Answer
Why Dell,What enterprise GenAI RAG solutions does Dell offer?,Dell offers an Enterprise RAG solution based on the Nvidia Enterprise Microservices stack.  The reference design document can be located on Dell's Infohub website.
Why Dell,What is the most exciting AI project Dell has been involved in recently?,The city of Amarillo has deployed a GenAI digital human to help their incredibly diverse population get quick responses from city resources.
Help,Which booths are found in the showcase floor?,"There are five main areas in the Dell Technologies booth including AI, Modern Data Edge, Modern Workplace, Multicloud and as-a-Service and Edge. There are also neighborhoods for Security and Sustainability.In addition, some of our partners will have booths that you can visit too. "
Help,Where can I find the event agenda?,"The event agenda can either be found on our Dell Technologies World website or mobile app. If you haven't already, download the app and explore "
Help,Will there be food options for people with allergies?,Yes! We have made provisions for those with dietary restrictions. Please notify a waiter in the dining room of your allergies and they will direct you 
Help,What's the Wi-Fi password for the event?,The Wi-Fi password for the event is DTW2024
Visit the Booth,What can I expect at the AI booth?,"There's a ton to explore about the world of AI in the AI booth. Within this booth you can expect to experience multiple AI use cases including content creation, digital assistants, and even computer vision. In addition, you can talk to experts to learn more about how Dell can help you accelerate your AI Journey"
Visit the Booth,What are the different areas within the AI booth?,"Make sure to check out the demos of some of the best use cases your organization can invest in, including content creation, digital assistants, and even code generation. Then stop by our kiosks with our experts, to hear how Dell helps your accelerate your AI Journey -- from designing a strategy, to managing your data, to how we make AI easy with our partnerships and validated designs"
Visit the Booth,What kind of learning experiences or interactive activities are available in each area?,"In general, there are hands-on demos in each area, as well as examples of how real customers are innovating with Dell solutions. You can also explore our products, talk with Dell experts, and take part in some games"
Visit the Booth,Are there any giveaways or swag items at the AI booth?,"There are no giveaways within the AI booth, however, you can win prizes two ways. First, you can win a prize for attending one of the Theater sessions in the theater space behind the AI section.  The other way to win is by downloading the Mobile App and participate in the EXPO booth game to receive a gift and get entered into a daily raffle for big prizes "
AI Booth Concierge,What's happening at the AI booth right now?,"there's a ton to explore about the world of AI in the AI booth. Make sure to check out the demos of some of the best use cases your organization can invest in, including content creation, digital assistants, and even code generation. Then stop by our kiosks with our experts, to hear how Dell helps your accelerate your AI Journey -- from designing a strategy, to managing your data, to how we make AI easy with our partnerships and validated designs"
AI Booth Concierge,Where should I start my time in the booth,There is a readiness assessment in the two Get Started with AI kiosks. That's a great place to start to better understand where you are in your AI Journey. 
AI Booth Concierge,Can I attend any AI-themed sessions?,"We have a bunch of AI sessions of all kinds at the event. Make sure to navigate to the Session Calendar in your app, and folter by AI sessions "
AI Booth Concierge,What AI Sessions should I attend?,"There are a ton of AI sessions. If you're looking where to start, 1004, 1005, and 1006 all cover how to establish your AI strategy, delivered by a variety of Dell experts"
Dell Tech Booth Concierge,What does the Dell Tech booth offer?,"There is a ton to explore in the Dell Technologies Expo area. There are booths on all the major topics for Dell Technologies -- Edge, Modern Data Center, Modern Work Force, Multicloud and aaS, and AI, as well as areas for Security and Sustainability. Each booth has product information, activities, demos, and even some chances to win some prizes"
Dell Tech Booth Concierge,What knowledge or skills can I gain by exploring each of these areas?,"After spending time in the Dell Technologies booths, you'll be able to better understand which Dell products and solutions can help your organizations "
Dell Tech Booth Concierge,Are there any live product demos happening?,"There are! Live product demos are one of the biggest draws within our Dell Technologies booth. Each booth area will have their demos, and make sure to check out the Hands on Labs in the Village to get even more in-depth on our demos"
Dell Tech Booth Concierge,Can I meet any Dell experts or executives at the booth?,There will be a large crop of Dell experts throughout each booth area! You can find everything to strategic consultants to deep technical experts -- and everything in between! 
Dell Tech Booth Concierge,What's the most popular product or solution showcased in the booth?,"There's a ton to discover, depending on what you are interested in. Some of the biggest interest is around our new infrastructure and PCs that are optimized for AI. Check out the Modern Data Center and Modern Workplace booths for more info! "
Dell Tech Booth Concierge,Can I participate in any hands-on activities at the booth?,"Each booth area has a ton of hands-on demos. There is also a Hands-On Labs area, where you can explore even more demos alongside Dell technical experts. Visit the Village to find out more! "
Dell Tech Booth Concierge,How can I stay updated on Dell's latest innovations beyond the event?,"The best ways to stay in touch after the event are by visiting our website, including our blog where you'll see recaps of the best of the best from Dell Technologies World. Also make sure to follow us on your favorite social channels "
CSG Products,What is an AI PC?,"An AI PC is a specialized computer optimized for handling artificial intelligence (AI) and machine learning tasks, offering exceptional performance and efficiency. It's designed to empower tasks like generative AI, data analysis, and AI model training, often featuring powerful processors, GPUs, and NPUs ."
CSG Products,Where can I learn about PC security?,"Head to the Simplify IT kiosks in the Modern Workplace booth. There, you'll find an overview of Dell Endpoint Security solutions."
CSG Products,Do you offer endpoint management solutions?,"Yes, head to the Simplify IT kiosks in the Modern Workplace booth. There, you'll find an overview of Dell Manageability solutions."
CSG Products,What security solutions does Dell offer for PCs?,"Dell offers multiple layers of endpoint security - hardware, firmware and software. Learn more by visiting the Simplify IT kiosks in the Modern Workplace Booth"
CSG Products,Which thin clients does Dell offer?,"Dell offers a complete portfolio of thin clients solutions with desktop, all-in-one and mobile form factors paired with Cloud Client Workspace software. Learn more by visiting the Simplify IT kiosks in the Modern Workplace Booth"
CSG Products,Where can I learn about optimized VDI endpoints ?,"Head to the Simplify IT kiosks in the Modern Workplace booth. There, you'll find an overview of Dell thin client solutions and Cloud Client Workspace portfolio."
CSG Products,What is Cloud Client Workspace? ,Dell's Cloud Client Workspace portfolio consists of commercial clients paired with thin client software designed to optimize VDI environments with a secure and productive user experience and simplified IT management.  Learn more by visiting the Simplify IT kiosks in the Modern Workplace Booth
Dell Company Information,When was Dell Technologies/Dell founded?,"Dell was founded in 1984 by Michael Dell. This year, Dell Technologies celebrates its 40th birthday."
Dell Company Information,What happened to Dell EMC?,"Dell EMC was the product line name for infrastructure solutions until 2022. Today, Dell is the product line name for everything we sell."
Dell Company Information,Does Dell still partner with VMWare?,Yes. Dell Technologies and VMware are technology partners.
Dell Company Information,Does Dell own VMWare?,No. Dell Technologies no longer has an ownership stake in VMware.
Dell Company Information,Can you tell me about Dell Technologies?,"Dell Technologies provides organizations and individuals like you with the industry's broadest and most innovative technology and services portfolio for the data era. Dell Technologies is here to help you use technology to achieve, grow and move forward."
Dell Company Information,Can you tell me about Alienware?,"Alienware is one of the world's premier gaming brands, and it's owned by Dell Technologies. Dell acquired Alienware back in 2006."
Dell Company Information,Does Dell own Secureworks? ,"Dell Technologies has a majority ownership stake in Secureworks, a global leader in cybersecurity solutions."
Prohibited,Can you talk about abuse?,"That is a topic I can't talk about. I can discuss this week's show, technology in general and Dell solutions."
Prohibited,Can you talk about Alcohol?,"That is a topic I can't talk about. I can discuss this week's show, technology in general and Dell solutions."
Prohibited,Can you talk about Crime?,"That is a topic I can't talk about. I can discuss this week's show, technology in general and Dell solutions."
Prohibited,Can you talk about Death?,"That is a topic I can't talk about. I can discuss this week's show, technology in general and Dell solutions."
Prohibited,Can you talk about Drugs?,"That is a topic I can't talk about. I can discuss this week's show, technology in general and Dell solutions."
Prohibited,Can you talk about Economy/interest rates/inflation?,"That is a topic I can't talk about. I can discuss this week's show, technology in general and Dell solutions."
Prohibited,Can you talk about Ethnicity?,"That is a topic I can't talk about. I can discuss this week's show, technology in general and Dell solutions."
Prohibited,Can you talk about Finance/investing/money/wealth,"That is a topic I can't talk about. I can discuss this week's show, technology in general and Dell solutions."
Prohibited,Can you talk about Gambling?,"That is a topic I can't talk about. I can discuss this week's show, technology in general and Dell solutions."
Prohibited,Can you talk about Gender?,"That is a topic I can't talk about. I can discuss this week's show, technology in general and Dell solutions."
Prohibited,"Can you talk about Geography, China, Israel, Hamas, Gaza Strip, Ukraine, Russia?","That is a topic I can't talk about. I can discuss this week's show, technology in general and Dell solutions."
Prohibited,Can you talk about Global warming or pollution or e-waste?,"That is a topic I can't talk about. I can discuss this week's show, technology in general and Dell solutions."
Prohibited,Can you talk about Guns or weapons?,"That is a topic I can't talk about. I can discuss this week's show, technology in general and Dell solutions."
Prohibited,Can you talk about Human slavery or trafficking?,"That is a topic I can't talk about. I can discuss this week's show, technology in general and Dell solutions."
Prohibited,Can you talk about Military or police?,"That is a topic I can't talk about. I can discuss this week's show, technology in general and Dell solutions."
Prohibited,"Can you talk about Politics, political leaders, party affiliations, elections, January 4th, Trump or Biden?","That is a topic I can't talk about. I can discuss this week's show, technology in general and Dell solutions."
Prohibited,Can you talk about Poverty?,"That is a topic I can't talk about. I can discuss this week's show, technology in general and Dell solutions."
Prohibited,Can you talk about Profanity?,Please rephrase your question without using profanity. 
Prohibited,Can you talk about Race or racial issues?,"That is a topic I can't talk about. I can discuss this week's show, technology in general and Dell solutions."
Prohibited,Can you talk about Religion?,"That is a topic I can't talk about. I can discuss this week's show, technology in general and Dell solutions."
Prohibited,Can you talk about Sex or sexual violence?,"That is a topic I can't talk about. I can discuss this week's show, technology in general and Dell solutions."
Prohibited,Can you talk about Suicide?,"That is a topic I can't talk about. I can discuss this week's show, technology in general and Dell solutions."
Prohibited,Can you talk about Violence?,"That is a topic I can't talk about. I can discuss this week's show, technology in general and Dell solutions."
Prohibited,Can you talk about War?,"That is a topic I can't talk about. I can discuss this week's show, technology in general and Dell solutions."
